0,0,1,0,3.08194422722,2.76382875443,3.02179884911,0.139569997787,3.08194422722,2.76382875443,3.02179884911,0.139569997787,1.98554289341,2.10662269592,-2.18425607681,10.7079254157
1,0,0,0,16.0707836151,-0.609015285969,2.62282323837,0.105659998953,16.0707836151,-0.609015285969,2.62282323837,0.105659998953,4.90492630005,-4.13220882416,0.455558389425,89.292801925
0,1,0,0,20.3392963409,4.0205578804,-2.12700629234,0.000510999991093,20.3392963409,4.0205578804,-2.12700629234,0.000510999991093,8.95282554626,4.65569162369,-2.09322810173,92.0028562021
0,0,1,0,18.1699028015,3.47926998138,-2.07058811188,0.139569997787,18.1699028015,3.47926998138,-2.07058811188,0.139569997787,15.4083862305,1.54214310646,1.04059553146,91.0313920857
1,0,0,0,0.292528897524,0.203667119145,-2.86075949669,0.000510999991093,0.292528897524,0.203667119145,-2.86075949669,0.000510999991093,2.02613472939,3.61471366882,2.51952719688,11.4903741917
1,0,0,0,1.77192342281,4.76819705963,-0.752377867699,0.000510999991093,1.77192342281,4.76819705963,-0.752377867699,0.000510999991093,0.344601035118,7.36244869232,2.85464549065,10.3618111755
0,1,0,0,2.52279901505,-2.33436369896,-0.913916289806,0.105659998953,2.52279901505,-2.33436369896,-0.913916289806,0.105659998953,1.8757481575,-3.15609717369,1.85531699657,10.6270892554
1,0,0,0,3.02572441101,-0.439394712448,-0.926686346531,0.105659998953,3.02572441101,-0.439394712448,-0.926686346531,0.105659998953,4.66678476334,0.751035749912,2.28388905525,10.6812834162
1,0,0,0,18.3084564209,1.57720923424,-0.274678736925,0.000510999991093,18.3084564209,1.57720923424,-0.274678736925,0.000510999991093,6.80211353302,3.85508084297,-0.357092618942,81.0572306798
1,0,0,0,9.1726026535,-1.96844244003,-0.141951292753,0.000510999991093,9.1726026535,-1.96844244003,-0.141951292753,0.000510999991093,10.3593244553,-2.29869866371,-0.312588840723,11.0752275763
0,0,1,0,11.7220687866,-4.20247173309,-1.84636759758,0.139569997787,11.7220687866,-4.20247173309,-1.84636759758,0.139569997787,3.09318447113,-7.06119680405,-0.347313374281,88.8977776602
0,1,0,0,3.88734126091,0.346789449453,-0.601166009903,0.000510999991093,3.88734126091,0.346789449453,-0.601166009903,0.000510999991093,7.20248126984,-1.03440642357,-2.58028626442,24.0226715212
1,0,0,0,1.95648062229,0.238635331392,-1.75578904152,0.105659998953,1.95648062229,0.238635331392,-1.75578904152,0.105659998953,3.85613703728,-1.6067956686,-1.13718760014,10.562650691
1,0,0,0,0.121360778809,-3.20346856117,-0.679515063763,0.105659998953,0.121360778809,-3.20346856117,-0.679515063763,0.105659998953,2.36174201965,-5.20804166794,-2.26694560051,23.1057895381
1,0,0,0,40.1870918274,-2.78176760674,-1.72787809372,0.105659998953,40.1870918274,-2.78176760674,-1.72787809372,0.105659998953,27.9147586823,-2.94979143143,2.6778113842,90.1277072765
1,0,0,0,2.36683511734,-0.845940470695,-2.52421665192,0.000510999991093,2.36683511734,-0.845940470695,-2.52421665192,0.000510999991093,9.35479640961,-1.67391610146,-2.06753849983,19.6687433381
1,0,0,0,0.141956910491,-5.50075912476,0.912005066872,0.000510999991093,0.141956910491,-5.50075912476,0.912005066872,0.000510999991093,5.2553229332,-5.00043201447,1.45735228062,14.7665926335
1,0,0,0,10.425204277,0.809523701668,2.78465604782,0.105659998953,10.425204277,0.809523701668,2.78465604782,0.105659998953,2.98917722702,-1.07937180996,3.06455254555,91.2397489511
1,0,0,0,1.51480901241,0.254089057446,0.616786837578,0.000510999991093,1.51480901241,0.254089057446,0.616786837578,0.000510999991093,2.37462997437,-1.79936552048,-0.9732645154,16.7566263778
1,0,0,0,2.11359000206,-1.35023355484,-0.524966597557,0.105659998953,2.11359000206,-1.35023355484,-0.524966597557,0.105659998953,2.23713946342,-2.18093085289,1.61197221279,26.557589534
0,1,0,0,0.36665803194,-1.428165555,3.01803970337,0.105659998953,0.36665803194,-1.428165555,3.01803970337,0.105659998953,4.41888141632,-3.14435458183,2.83363223076,12.7438083509
1,0,0,0,2.04145789146,2.41615629196,-2.24432086945,0.000510999991093,2.04145789146,2.41615629196,-2.24432086945,0.000510999991093,12.3139543533,3.38422727585,-1.52323794365,23.2784366341
1,0,0,0,10.1352853775,-0.81086653471,2.37644004822,0.000510999991093,10.1352853775,-0.81086653471,2.37644004822,0.000510999991093,8.51936340332,-3.15913295746,-2.41243505478,90.2790343808
1,0,0,0,0.709950208664,4.91002607346,1.16484987736,0.105659998953,0.709950208664,4.91002607346,1.16484987736,0.105659998953,0.711330115795,8.78973484039,2.68246078491,10.6441943168
1,0,0,0,17.3143558502,-0.783997356892,1.96250736713,0.105659998953,17.3143558502,-0.783997356892,1.96250736713,0.105659998953,6.9572520256,-3.50183534622,-2.27510595322,91.4370567233
0,0,1,0,0.934016704559,-2.94262576103,-1.21654927731,0.139569997787,0.934016704559,-2.94262576103,-1.21654927731,0.139569997787,7.71026277542,-4.11158657074,-1.63308894634,18.0188459131
0,0,1,0,5.35218715668,-3.87630939484,2.32979273796,0.139569997787,5.35218715668,-3.87630939484,2.32979273796,0.139569997787,4.39513969421,-5.36061286926,2.72605228424,92.2728453671
1,0,0,0,1.88318800926,3.06733345985,0.262983649969,0.105659998953,1.88318800926,3.06733345985,0.262983649969,0.105659998953,1.4881759882,3.66230678558,-1.21659255028,10.8943241827
0,0,1,0,1.94389986992,-0.427590161562,-1.57683050632,0.139569997787,1.94389986992,-0.427590161562,-1.57683050632,0.139569997787,3.34478116035,-2.27653241158,1.18768191338,11.1286285019
0,1,0,0,2.04440784454,2.59101819992,-1.37549543381,0.105659998953,2.04440784454,2.59101819992,-1.37549543381,0.105659998953,4.94822263718,1.63272058964,0.333984851837,11.4704306305
1,0,0,0,1.79712200165,0.316988229752,0.294995576143,0.105659998953,1.79712200165,0.316988229752,0.294995576143,0.105659998953,2.85420799255,-1.45483613014,-1.51855647564,17.8728947851
1,0,0,0,1.87646925449,-1.35452449322,-1.07818925381,0.000510999991093,1.87646925449,-1.35452449322,-1.07818925381,0.000510999991093,1.06759297848,-4.24096727371,-0.989283502102,17.6894270148
1,0,0,0,3.08105897903,-4.37729549408,-1.84999680519,0.105659998953,3.08105897903,-4.37729549408,-1.84999680519,0.105659998953,1.236728549,-6.87649488449,3.03840327263,17.899630379
1,0,0,0,0.430524796247,2.51121068001,2.04749774933,0.000510999991093,0.430524796247,2.51121068001,2.04749774933,0.000510999991093,5.75349903107,4.66876125336,1.36860358715,15.8683688428
1,0,0,0,1.03454780579,-2.03113889694,1.50915706158,0.105659998953,1.03454780579,-2.03113889694,1.50915706158,0.105659998953,3.31454110146,-1.16132676601,-0.485053062439,11.2381660524
1,0,0,0,1.48762226105,0.889625132084,-1.77191925049,0.000510999991093,1.48762226105,0.889625132084,-1.77191925049,0.000510999991093,7.85930776596,-1.8164627552,1.21353042126,21.4668613646
0,1,0,0,2.54399490356,1.19173574448,0.738216638565,0.000510999991093,2.54399490356,1.19173574448,0.738216638565,0.000510999991093,10.8322582245,-1.14365386963,-0.848242580891,41.4526278131
0,1,0,0,3.33238792419,2.02568840981,2.41243267059,0.105659998953,3.33238792419,2.02568840981,2.41243267059,0.105659998953,0.246132984757,5.28860282898,2.98589515686,11.2560000436
0,0,1,0,2.76413083076,2.73316502571,1.44410610199,0.139569997787,2.76413083076,2.73316502571,1.44410610199,0.139569997787,6.92615890503,1.80308318138,-0.905180692673,12.1635113625
0,1,0,0,3.8883497715,1.25675594807,-0.863311469555,0.000510999991093,3.8883497715,1.25675594807,-0.863311469555,0.000510999991093,1.48681986332,2.27334547043,-1.02586185932,11.3964560891
0,1,0,0,1.40297818184,0.935717940331,-0.60019671917,0.105659998953,1.40297818184,0.935717940331,-0.60019671917,0.105659998953,3.39971446991,0.137344151735,-0.88442248106,10.0579062374
1,0,0,0,0.614094018936,2.53308010101,2.64340043068,0.000510999991093,0.614094018936,2.53308010101,2.64340043068,0.000510999991093,3.91236305237,3.98650670052,2.58186483383,19.3203978949
1,0,0,0,4.85645389557,3.71463704109,-2.71972680092,0.000510999991093,4.85645389557,3.71463704109,-2.71972680092,0.000510999991093,2.51079440117,4.9242682457,-2.58329176903,10.7953809439
1,0,0,0,3.22110939026,-3.81549739838,0.677201449871,0.105659998953,3.22110939026,-3.81549739838,0.677201449871,0.105659998953,4.16201353073,-2.8692483902,-3.10579776764,11.4206030734
0,1,0,0,0.69413125515,-5.37987327576,-2.92603564262,0.105659998953,0.69413125515,-5.37987327576,-2.92603564262,0.105659998953,7.05591201782,-5.18861293793,-2.94155669212,17.4140988117
1,0,0,0,0.682290315628,-0.461831271648,2.82913661003,0.000510999991093,0.682290315628,-0.461831271648,2.82913661003,0.000510999991093,3.78926253319,1.5562415123,-1.43062484264,20.8357384806
1,0,0,0,15.8450708389,-2.44478368759,-2.55986022949,0.105659998953,15.8450708389,-2.44478368759,-2.55986022949,0.105659998953,8.63226032257,-5.06090641022,1.7441226244,89.74347924
0,0,1,0,1.22730922699,1.93352413177,-2.93140387535,0.139569997787,1.22730922699,1.93352413177,-2.93140387535,0.139569997787,4.34454536438,3.1784787178,-2.9434504509,22.6419219386
0,1,0,0,6.86128902435,-0.431079268456,2.03275203705,0.105659998953,6.86128902435,-0.431079268456,2.03275203705,0.105659998953,2.20749306679,2.92944908142,2.69617819786,95.7565210289
0,1,0,0,3.12267398834,4.1374707222,-3.07568001747,0.000510999991093,3.12267398834,4.1374707222,-3.07568001747,0.000510999991093,11.0274839401,4.67505884171,0.833635151386,38.7928851682
1,0,0,0,3.48753094673,-4.44821310043,-2.97586512566,0.000510999991093,3.48753094673,-4.44821310043,-2.97586512566,0.000510999991093,4.60734510422,-5.25601434708,-2.97867584229,36.789722998
1,0,0,0,2.41645956039,-1.40631532669,-1.01397764683,0.000510999991093,2.41645956039,-1.40631532669,-1.01397764683,0.000510999991093,6.7480931282,-3.8162791729,1.95842123032,16.3261535769
0,0,1,0,22.9984970093,-3.06875920296,0.910195410252,0.139569997787,22.9984970093,-3.06875920296,0.910195410252,0.139569997787,10.5828256607,-3.80662107468,-2.34292984009,82.0185436631
1,0,0,0,2.57511234283,-1.68978846073,1.8725155592,0.000510999991093,2.57511234283,-1.68978846073,1.8725155592,0.000510999991093,14.2729406357,-5.07290554047,-0.768023192883,92.547301412
1,0,0,0,8.84968948364,-2.9580373764,1.27027583122,0.000510999991093,8.84968948364,-2.9580373764,1.27027583122,0.000510999991093,17.7758693695,-1.8157337904,-3.06381654739,89.3384169474
1,0,0,0,28.2471981049,4.13152599335,2.49780201912,0.105659998953,28.2471981049,4.13152599335,2.49780201912,0.105659998953,10.9046525955,3.69218444824,0.878145337105,90.8799449882
0,1,0,0,1.65112328529,1.24624240398,1.99828016758,0.105659998953,1.65112328529,1.24624240398,1.99828016758,0.105659998953,7.3975276947,0.864845871925,2.6737074852,22.0337991007
0,0,1,0,2.20344734192,5.20152568817,0.608422160149,0.139569997787,2.20344734192,5.20152568817,0.608422160149,0.139569997787,0.986797094345,7.89283704758,2.58569455147,17.9335153585
1,0,0,0,1.81188499928,-5.11352872849,-2.06268024445,0.105659998953,1.81188499928,-5.11352872849,-2.06268024445,0.105659998953,1.84682655334,-6.47852706909,-2.6367893219,18.5652045487
1,0,0,0,1.15925467014,3.52646446228,-0.316420763731,0.000510999991093,1.15925467014,3.52646446228,-0.316420763731,0.000510999991093,0.273296147585,7.35793972015,-0.748410522938,16.5734024702
0,0,1,0,2.96382951736,1.37812209129,2.84649944305,0.139569997787,2.96382951736,1.37812209129,2.84649944305,0.139569997787,3.11869573593,4.31933689117,-1.37686264515,16.415990694
0,1,0,0,8.51582431793,1.27612555027,-3.00110840797,0.000510999991093,8.51582431793,1.27612555027,-3.00110840797,0.000510999991093,3.2943687439,2.53149867058,2.29801726341,18.1007577718
1,0,0,0,14.5094518661,4.16879606247,-1.61653470993,0.105659998953,14.5094518661,4.16879606247,-1.61653470993,0.105659998953,3.57109665871,5.93763208389,1.08606624603,38.0516492624
1,0,0,0,2.12121844292,1.21217310429,1.46247208118,0.000510999991093,2.12121844292,1.21217310429,1.46247208118,0.000510999991093,19.9348239899,1.87955498695,2.18124198914,18.4918374211
1,0,0,0,2.18727731705,-0.820845723152,0.757762789726,0.105659998953,2.18727731705,-0.820845723152,0.757762789726,0.105659998953,29.3450031281,-4.26563739777,-3.03377056122,89.1739968861
1,0,0,0,0.0262338723987,-6.36637592316,2.38631439209,0.000510999991093,0.0262338723987,-6.36637592316,2.38631439209,0.000510999991093,4.9739780426,-7.04595756531,3.00268292427,92.7199247109
1,0,0,0,27.3494663239,0.905873060226,-2.40084385872,0.105659998953,27.3494663239,0.905873060226,-2.40084385872,0.105659998953,25.3665370941,2.14230108261,1.03206264973,89.5349623972
0,1,0,0,2.07397937775,4.55464410782,1.8811892271,0.105659998953,2.07397937775,4.55464410782,1.8811892271,0.105659998953,2.91044688225,5.84481859207,-1.00936555862,16.1809516458
1,0,0,0,2.76064181328,-0.341501653194,-2.41835951805,0.105659998953,2.76064181328,-0.341501653194,-2.41835951805,0.105659998953,14.3019361496,-2.25739097595,1.36001050472,92.5745376818
0,0,0,1,6.77243280411,2.77133584023,0.0269388128072,0.139569997787,6.77243280411,2.77133584023,0.0269388128072,0.139569997787,30.6252422333,3.46143317223,-0.207767426968,90.6402257029
0,1,0,0,3.51159095764,2.08391594887,2.08613324165,0.000510999991093,3.51159095764,2.08391594887,2.08613324165,0.000510999991093,7.53228473663,3.47827577591,1.74393165112,32.6744782324
1,0,0,0,0.584155440331,-0.657502233982,1.54240119457,0.105659998953,0.584155440331,-0.657502233982,1.54240119457,0.105659998953,6.71392774582,-0.903307497501,2.15212988853,4.957321745
0,0,1,0,20.294084549,-2.52188682556,-0.0366315543652,0.139569997787,20.294084549,-2.52188682556,-0.0366315543652,0.139569997787,9.1943063736,-5.45714521408,2.97130727768,88.8681050047
1,0,0,0,23.3679847717,2.83269715309,0.122086666524,0.105659998953,23.3679847717,2.83269715309,0.122086666524,0.105659998953,13.97016716,2.96171069145,2.47204518318,90.6942384093
0,0,1,0,8.39351558685,0.644713819027,0.0200495310128,0.139569997787,8.39351558685,0.644713819027,0.0200495310128,0.139569997787,9.35172462463,-0.403162151575,0.241464033723,27.6777657132
1,0,0,0,5.51424837112,-3.2719335556,-1.92695641518,0.105659998953,5.51424837112,-3.2719335556,-1.92695641518,0.105659998953,10.3690185547,-3.4154150486,0.796505212784,57.09958624
0,1,0,0,0.299754709005,5.9757270813,0.646429657936,0.000510999991093,0.299754709005,5.9757270813,0.646429657936,0.000510999991093,2.73356223106,6.68909597397,-0.440376132727,20.1208418848
1,0,0,0,8.65796756744,-2.93093800545,1.52105820179,0.000510999991093,8.65796756744,-2.93093800545,1.52105820179,0.000510999991093,4.44877338409,-5.17874193192,1.29930460453,56.5028571788
0,1,0,0,3.07251167297,2.31809210777,2.76369142532,0.105659998953,3.07251167297,2.31809210777,2.76369142532,0.105659998953,3.15103125572,3.56783270836,2.41933822632,25.9253428593
1,0,0,0,0.308501988649,-5.75197029114,-2.60965156555,0.105659998953,0.308501988649,-5.75197029114,-2.60965156555,0.105659998953,5.94602203369,-5.59707546234,-1.63878786564,15.1021290923
1,0,0,0,0.0894964337349,5.10290575027,1.28134477139,0.105659998953,0.0894964337349,5.10290575027,1.28134477139,0.105659998953,3.18570971489,5.61053562164,-2.50152373314,16.9831550984
1,0,0,0,2.32816672325,-0.502258956432,1.38272118568,0.000510999991093,2.32816672325,-0.502258956432,1.38272118568,0.000510999991093,4.08582925797,-1.98926520348,-2.95744729042,21.4352277389
0,1,0,0,10.7373371124,2.0847132206,-2.5958712101,0.105659998953,10.7373371124,2.0847132206,-2.5958712101,0.105659998953,33.3160171509,3.8486995697,0.0933411344886,90.3508885128
0,0,1,0,0.655853748322,0.417321652174,1.39938640594,0.139569997787,0.655853748322,0.417321652174,1.39938640594,0.139569997787,14.2777986526,1.11377108097,1.39102315903,30.3833031786
0,1,0,0,1.63257658482,0.276299238205,-2.60945892334,0.000510999991093,1.63257658482,0.276299238205,-2.60945892334,0.000510999991093,30.0347576141,0.510567069054,-2.57288622856,90.3843300613
0,0,1,0,8.16911220551,-1.09940540791,0.633296847343,0.139569997787,8.16911220551,-1.09940540791,0.633296847343,0.139569997787,13.9247713089,-1.35527265072,-2.59498524666,90.82743034
1,0,0,0,14.0183467865,-2.05305290222,-1.79372119904,0.000510999991093,14.0183467865,-2.05305290222,-1.79372119904,0.000510999991093,8.31520271301,-3.0185341835,-2.72631645203,91.195108005
1,0,0,0,2.73534631729,-2.1459813118,1.40802824497,0.000510999991093,2.73534631729,-2.1459813118,1.40802824497,0.000510999991093,9.15532016754,-2.34260630608,2.18822574615,22.3903905762
0,1,0,0,13.1452827454,1.36435258389,2.47699522972,0.105659998953,13.1452827454,1.36435258389,2.47699522972,0.105659998953,11.1727085114,4.39290428162,-1.50559186935,90.1075814891
0,0,1,0,6.50090026855,-2.04754948616,-2.37782049179,0.139569997787,6.50090026855,-2.04754948616,-2.37782049179,0.139569997787,2.04316282272,-2.58075690269,-2.3354780674,16.4574082168
1,0,0,0,2.79250192642,1.007817626,0.404170244932,0.105659998953,2.79250192642,1.007817626,0.404170244932,0.105659998953,2.19896697998,2.98642253876,1.51752829552,23.8316516996
1,0,0,0,6.4126663208,3.15301704407,-1.07544744015,0.000510999991093,6.4126663208,3.15301704407,-1.07544744015,0.000510999991093,4.22892665863,5.07322597504,3.12439680099,40.4730019554
0,0,0,1,16.4339561462,-1.4116537571,2.61034607887,0.139569997787,16.4339561462,-1.4116537571,2.61034607887,0.139569997787,9.36098575592,-1.0288592577,1.40298342705,91.5689538273
1,0,0,0,7.23337030411,-2.29550695419,0.218853414059,0.000510999991093,7.23337030411,-2.29550695419,0.218853414059,0.000510999991093,1.54460179806,-2.905636549,0.833417236805,21.8269850232
0,0,1,0,0.210496217012,6.45742273331,1.50803256035,0.139569997787,0.210496217012,6.45742273331,1.50803256035,0.139569997787,1.68248307705,7.95995473862,-0.128254175186,9.99395224091
1,0,0,0,2.32316732407,0.790210664272,-2.78802919388,0.000510999991093,2.32316732407,0.790210664272,-2.78802919388,0.000510999991093,3.94285798073,0.741313040257,-2.55496525764,26.6580271701
0,1,0,0,10.0593805313,0.176723942161,-0.442641943693,0.000510999991093,10.0593805313,0.176723942161,-0.442641943693,0.000510999991093,4.99214601517,-3.51366496086,3.14069366455,90.8241964903
0,0,1,0,20.4948749542,2.47768044472,-1.44203913212,0.139569997787,20.4948749542,2.47768044472,-1.44203913212,0.139569997787,3.34888005257,5.43675088882,-0.199089303613,88.5618452753
0,0,1,0,18.0244216919,-0.350662261248,-2.97327303886,0.139569997787,18.0244216919,-0.350662261248,-2.97327303886,0.139569997787,11.2401361465,-0.606714010239,1.40121543407,31.1952201572
0,0,1,0,12.3737602234,1.00165712833,0.840840101242,0.139569997787,12.3737602234,1.00165712833,0.840840101242,0.139569997787,10.7484674454,2.54974222183,-1.96370172501,39.3655702196
1,0,0,0,33.840587616,3.32397007942,-2.11218523979,0.105659998953,33.840587616,3.32397007942,-2.11218523979,0.105659998953,12.8179445267,3.16457891464,-1.78315544128,33.8681197843
0,1,0,0,23.2358760834,2.24508833885,0.16794256866,0.000510999991093,23.2358760834,2.24508833885,0.16794256866,0.000510999991093,11.7115631104,2.32659316063,0.190061211586,95.9774171648
1,0,0,0,10.5853357315,-3.1865875721,0.290888398886,0.000510999991093,10.5853357315,-3.1865875721,0.290888398886,0.000510999991093,17.667350769,-3.2782740593,0.641705751419,21.0525810731
1,0,0,0,4.18155145645,4.74215984344,-1.54472851753,0.000510999991093,4.18155145645,4.74215984344,-1.54472851753,0.000510999991093,2.97001814842,5.43242120743,-1.70727157593,33.4359245318
1,0,0,0,13.3343353271,-0.369003087282,0.358919203281,0.105659998953,13.3343353271,-0.369003087282,0.358919203281,0.105659998953,3.64624142647,1.96342325211,2.99177289009,83.8248840423
0,1,0,0,11.678393364,-4.07735109329,2.28126883507,0.105659998953,11.678393364,-4.07735109329,2.28126883507,0.105659998953,12.3707103729,-3.39389944077,-2.42596364021,89.196558838
1,0,0,0,8.86694145203,-0.0964579805732,1.77396810055,0.000510999991093,8.86694145203,-0.0964579805732,1.77396810055,0.000510999991093,11.2488565445,2.93736076355,-0.0565379746258,79.9533081788
0,0,1,0,13.6336479187,-0.590866327286,1.24328839779,0.139569997787,13.6336479187,-0.590866327286,1.24328839779,0.139569997787,47.5572280884,-0.545353531837,2.69965624809,82.0847429264
0,1,0,0,18.6268520355,-0.581867754459,2.08599877357,0.105659998953,18.6268520355,-0.581867754459,2.08599877357,0.105659998953,10.5803384781,-2.71322751045,-0.842796742916,96.5207359347
1,0,0,0,3.01021790504,3.86243462563,-0.445674538612,0.000510999991093,3.01021790504,3.86243462563,-0.445674538612,0.000510999991093,1.83413887024,6.91654205322,-1.20042860508,26.9235480716
1,0,0,0,0.929457247257,6.35386753082,-1.3331797123,0.105659998953,0.929457247257,6.35386753082,-1.3331797123,0.105659998953,4.24355125427,6.77503967285,-2.28310418129,37.1915419845
1,0,0,0,1.54476416111,-4.87039756775,-2.05116677284,0.105659998953,1.54476416111,-4.87039756775,-2.05116677284,0.105659998953,16.4577026367,-5.74437570572,-2.33424925804,89.1734728284
1,0,0,0,6.29764986038,-1.7328953743,-1.80898690224,0.105659998953,6.29764986038,-1.7328953743,-1.80898690224,0.105659998953,9.53671360016,-3.68994092941,2.33973288536,89.300798907
0,1,0,0,6.98418188095,2.23456954956,2.6579041481,0.105659998953,6.98418188095,2.23456954956,2.6579041481,0.105659998953,1.24787986279,4.30654907227,-2.24143981934,22.4600840895
1,0,0,0,2.3485429287,1.40738630295,-1.1613843441,0.105659998953,2.3485429287,1.40738630295,-1.1613843441,0.105659998953,4.10839509964,0.858559906483,-1.87266552448,21.0939526137
0,0,1,0,1.80916273594,3.4127035141,-2.82431530952,0.139569997787,1.80916273594,3.4127035141,-2.82431530952,0.139569997787,8.20956420898,3.76986718178,-2.62061047554,24.0377360018
1,0,0,0,33.2635231018,3.56538939476,-2.27956867218,0.000510999991093,33.2635231018,3.56538939476,-2.27956867218,0.000510999991093,7.22897672653,5.18983793259,0.907540440559,85.7670276608
1,0,0,0,0.034493945539,0.112358920276,-1.91182911396,0.000510999991093,0.034493945539,0.112358920276,-1.91182911396,0.000510999991093,12.6839313507,1.4226859808,-1.67857289314,36.9466161353
1,0,0,0,15.2855644226,-2.27676415443,0.0262008849531,0.000510999991093,15.2855644226,-2.27676415443,0.0262008849531,0.000510999991093,4.07529973984,-3.84128761292,0.409219294786,70.1514629871
1,0,0,0,22.9496021271,2.43125414848,2.58597254753,0.000510999991093,22.9496021271,2.43125414848,2.58597254753,0.000510999991093,12.967625618,4.67735910416,-3.01623392105,46.7823378582
0,0,1,0,31.3171062469,2.47519016266,2.65822458267,0.139569997787,31.3171062469,2.47519016266,2.65822458267,0.139569997787,21.4247322083,2.53074979782,-2.79078865051,99.8859036856
1,0,0,0,13.7322654724,-2.72588634491,2.2731525898,0.105659998953,13.7322654724,-2.72588634491,2.2731525898,0.105659998953,14.6127939224,-3.26041388512,-1.17283892632,81.0320877096
1,0,0,0,0.855996668339,4.30384492874,-0.931008458138,0.000510999991093,0.855996668339,4.30384492874,-0.931008458138,0.000510999991093,4.32334566116,4.88502883911,0.214782044291,22.0943143193
1,0,0,0,0.526974260807,-1.01312494278,2.9439163208,0.105659998953,0.526974260807,-1.01312494278,2.9439163208,0.105659998953,1.4392029047,-4.53086614609,-2.42297339439,21.7365912103
1,0,0,0,0.0885674580932,-5.28122758865,-1.10785162449,0.105659998953,0.0885674580932,-5.28122758865,-1.10785162449,0.105659998953,4.26662921906,-4.59710216522,-2.49669551849,24.8344564045
1,0,0,0,4.15890264511,-1.55474746227,-1.0936909914,0.105659998953,4.15890264511,-1.55474746227,-1.0936909914,0.105659998953,7.33886766434,-0.628351688385,1.16046512127,27.9480390671
0,1,0,0,11.3467121124,3.5075647831,-2.96835327148,0.105659998953,11.3467121124,3.5075647831,-2.96835327148,0.105659998953,19.4331760406,3.63023972511,-2.893679142,68.7832917038
0,0,0,1,28.5155944824,2.86376428604,1.57146728039,0.139569997787,28.5155944824,2.86376428604,1.57146728039,0.139569997787,11.2805013657,3.35773420334,1.61639857292,55.4335230633
0,0,1,0,5.33645582199,3.95308995247,-1.33419489861,0.139569997787,5.33645582199,3.95308995247,-1.33419489861,0.139569997787,30.74725914,4.02369642258,-1.07003057003,96.4486694686
1,0,0,0,2.76280021667,-0.13811865449,-0.778398096561,0.105659998953,2.76280021667,-0.13811865449,-0.778398096561,0.105659998953,11.2500457764,1.64115953445,-0.833919286728,77.0669654032
0,0,0,1,31.9480495453,1.36177289486,-0.144526898861,0.139569997787,31.9480495453,1.36177289486,-0.144526898861,0.139569997787,8.44770908356,2.08933520317,-1.78856229782,88.6879328226
1,0,0,0,5.32667064667,-2.86953282356,-2.87506866455,0.105659998953,5.32667064667,-2.86953282356,-2.87506866455,0.105659998953,12.070599556,-4.49360466003,2.67827582359,53.0898293293
1,0,0,0,2.02174305916,-1.19892692566,-1.73007690907,0.000510999991093,2.02174305916,-1.19892692566,-1.73007690907,0.000510999991093,4.24667596817,-3.2183163166,1.44082772732,30.8408852217
1,0,0,0,3.79296255112,0.725402653217,-0.505060076714,0.000510999991093,3.79296255112,0.725402653217,-0.505060076714,0.000510999991093,6.72970533371,-0.147607728839,3.12556123734,26.0551535954
0,1,0,0,6.87885665894,-2.03071737289,0.845819115639,0.000510999991093,6.87885665894,-2.03071737289,0.845819115639,0.000510999991093,31.6126728058,-2.58593130112,2.72330975533,74.8528669652
1,0,0,0,10.2302160263,0.443838328123,-0.304218798876,0.000510999991093,10.2302160263,0.443838328123,-0.304218798876,0.000510999991093,31.8579711914,1.52124869823,0.644629776478,89.7385358952
1,0,0,0,0.471105366945,-0.614069223404,2.63384199142,0.105659998953,0.471105366945,-0.614069223404,2.63384199142,0.105659998953,3.58841204643,-5.20674657822,1.14996290207,85.2502194126
0,1,0,0,0.254435002804,-0.100715361536,0.453554719687,0.105659998953,0.254435002804,-0.100715361536,0.453554719687,0.105659998953,4.11274576187,3.48735690117,-3.06596064568,77.7788002207
0,1,0,0,4.59776592255,2.37472677231,1.10075449944,0.105659998953,4.59776592255,2.37472677231,1.10075449944,0.105659998953,10.8093919754,4.52666187286,-1.0754686594,83.3069074227
1,0,0,0,7.23569822311,-0.328158915043,0.609191298485,0.105659998953,7.23569822311,-0.328158915043,0.609191298485,0.105659998953,4.33915042877,3.20372962952,0.131071582437,83.5171227107
1,0,0,0,1.14387524128,-3.92031145096,2.51237869263,0.000510999991093,1.14387524128,-3.92031145096,2.51237869263,0.000510999991093,1.35019803047,-7.76583147049,1.55136740208,24.9284683978
1,0,0,0,0.328688889742,2.87973213196,2.43733310699,0.000510999991093,0.328688889742,2.87973213196,2.43733310699,0.000510999991093,9.88096809387,4.55532264709,1.62728977203,89.4128467027
1,0,0,0,18.0168361664,3.46268630028,2.66038799286,0.000510999991093,18.0168361664,3.46268630028,2.66038799286,0.000510999991093,21.7318210602,4.45491313934,2.3810441494,89.0705666615
0,0,1,0,2.45612668991,0.459791272879,2.07383608818,0.139569997787,2.45612668991,0.459791272879,2.07383608818,0.139569997787,9.25505161285,2.65267705917,-1.08946096897,79.6737480343
1,0,0,0,2.49552106857,0.83874553442,0.646921873093,0.105659998953,2.49552106857,0.83874553442,0.646921873093,0.105659998953,5.5763425827,2.75107383728,1.47223246098,86.9008956326
1,0,0,0,7.52778959274,-4.1199426651,0.204298958182,0.105659998953,7.52778959274,-4.1199426651,0.204298958182,0.105659998953,0.565907299519,-6.3403801918,-0.0926031991839,26.8638501075
1,0,0,0,10.3652324677,-4.01700496674,-1.91836071014,0.105659998953,10.3652324677,-4.01700496674,-1.91836071014,0.105659998953,13.9804525375,-4.3472495079,0.945562064648,36.8318264278
1,0,0,0,22.6071987152,-2.30399441719,1.62792825699,0.000510999991093,22.6071987152,-2.30399441719,1.62792825699,0.000510999991093,4.33607673645,-0.673546552658,1.98810470104,75.0556854314
1,0,0,0,6.64473867416,0.591443419456,0.105055242777,0.000510999991093,6.64473867416,0.591443419456,0.105055242777,0.000510999991093,3.81507754326,4.31034088135,1.89834570885,89.5399306251
0,0,1,0,2.87355518341,0.464626550674,-0.463296979666,0.139569997787,2.87355518341,0.464626550674,-0.463296979666,0.139569997787,6.12256765366,1.83990192413,-0.0789246708155,26.8014865365
0,0,1,0,22.4332084656,-1.26595056057,-3.10964727402,0.139569997787,22.4332084656,-1.26595056057,-3.10964727402,0.139569997787,7.75043439865,0.241644516587,0.144912347198,53.3199755353
1,0,0,0,0.411966919899,-5.54513931274,-2.83013129234,0.000510999991093,0.411966919899,-5.54513931274,-2.83013129234,0.000510999991093,6.33880519867,-6.11367559433,1.05691981316,29.4411985468
1,0,0,0,1.15468108654,-6.19375801086,3.07909536362,0.000510999991093,1.15468108654,-6.19375801086,3.07909536362,0.000510999991093,4.8157248497,-5.48019742966,-1.12942326069,35.2918410545
1,0,0,0,6.8856306076,3.7515130043,-2.14851927757,0.105659998953,6.8856306076,3.7515130043,-2.14851927757,0.105659998953,5.07994794846,4.9949798584,2.95788836479,30.4101948091
1,0,0,0,6.58586978912,0.604922890663,1.78014409542,0.000510999991093,6.58586978912,0.604922890663,1.78014409542,0.000510999991093,4.99011516571,-2.31562042236,0.924744486809,71.6622658628
0,0,1,0,6.38628053665,3.67292976379,-1.38589787483,0.139569997787,6.38628053665,3.67292976379,-1.38589787483,0.139569997787,5.47819328308,5.24832868576,-1.45274984837,86.7956745739
1,0,0,0,0.391438484192,-0.0607571303844,1.76155185699,0.105659998953,0.391438484192,-0.0607571303844,1.76155185699,0.105659998953,3.48726558685,3.30363273621,1.11248135567,30.1696614479
0,1,0,0,40.6231193542,0.125595122576,1.37965714931,0.000510999991093,40.6231193542,0.125595122576,1.37965714931,0.000510999991093,22.0616512299,0.373786360025,-1.84959673882,98.9643013665
1,0,0,0,8.09544086456,-0.251431614161,-2.91257619858,0.105659998953,8.09544086456,-0.251431614161,-2.91257619858,0.105659998953,72.9720535278,-1.14328634739,-2.92503547668,97.0815985047
1,0,0,0,0.536318182945,-1.06446874142,-2.88041877747,0.105659998953,0.536318182945,-1.06446874142,-2.88041877747,0.105659998953,1.21920847893,-2.96455979347,-2.46228861809,28.9848137211
0,0,1,0,10.0620355606,1.01717340946,0.138048693538,0.139569997787,10.0620355606,1.01717340946,0.138048693538,0.139569997787,11.0022096634,1.72163558006,3.03240299225,32.0755884658
0,0,0,1,4.21059131622,1.82221543789,0.437375634909,0.139569997787,4.21059131622,1.82221543789,0.437375634909,0.139569997787,4.08291196823,2.52199149132,-0.833751499653,26.2694307045
0,1,0,0,7.11351585388,1.31119894981,-0.768734931946,0.105659998953,7.11351585388,1.31119894981,-0.768734931946,0.105659998953,36.3591918945,1.58629989624,-0.534418702126,70.1616734924
1,0,0,0,0.653630137444,-6.4396443367,0.83259510994,0.105659998953,0.653630137444,-6.4396443367,0.83259510994,0.105659998953,1.88332664967,-6.88915538788,2.24431467056,8.09325815497
0,1,0,0,8.95385551453,-2.27507162094,2.32450294495,0.000510999991093,8.95385551453,-2.27507162094,2.32450294495,0.000510999991093,11.0545043945,-4.22714471817,-0.241737291217,38.7689335617
1,0,0,0,16.3052959442,-1.49781036377,2.16101646423,0.105659998953,16.3052959442,-1.49781036377,2.16101646423,0.105659998953,3.31529688835,-5.11253643036,-1.1326764822,78.3979518754
1,0,0,0,3.92223763466,2.79442548752,-2.12923407555,0.000510999991093,3.92223763466,2.79442548752,-2.12923407555,0.000510999991093,14.2809677124,4.27181434631,1.43811237812,97.4751667097
1,0,0,0,8.32102203369,2.03386044502,2.81960964203,0.105659998953,8.32102203369,2.03386044502,2.81960964203,0.105659998953,5.4214091301,4.10807275772,-0.412765860558,42.6524872762
0,1,0,0,12.3435087204,0.801600933075,-1.80875730515,0.105659998953,12.3435087204,0.801600933075,-1.80875730515,0.105659998953,12.8571996689,1.76924824715,1.22119605541,35.3508411593
1,0,0,0,2.75776171684,-0.315877139568,0.432022333145,0.105659998953,2.75776171684,-0.315877139568,0.432022333145,0.105659998953,28.6152706146,-1.1739628315,0.110222943127,46.4173158133
0,0,0,1,6.52468633652,-0.830553770065,-2.28733277321,0.139569997787,6.52468633652,-0.830553770065,-2.28733277321,0.139569997787,10.7832460403,0.424140244722,1.24670803547,53.0599968742
1,0,0,0,1.09807837009,-2.80431008339,0.0917511284351,0.000510999991093,1.09807837009,-2.80431008339,0.0917511284351,0.000510999991093,20.4727592468,-2.86383724213,1.14849197865,49.6996733787
1,0,0,0,2.55390548706,2.35212349892,0.23272010684,0.105659998953,2.55390548706,2.35212349892,0.23272010684,0.105659998953,4.44185400009,5.52293682098,-0.234986275434,36.4473137118
0,1,0,0,8.70294380188,-3.7534122467,1.0773075819,0.000510999991093,8.70294380188,-3.7534122467,1.0773075819,0.000510999991093,0.841369092464,-7.15711784363,-0.34864911437,30.1544137107
1,0,0,0,7.14310979843,-3.91838216782,-1.52065646648,0.105659998953,7.14310979843,-3.91838216782,-1.52065646648,0.105659998953,5.73717308044,-5.15810918808,1.03140890598,33.2473695293
0,0,1,0,5.459856987,-1.5970954895,-1.32890796661,0.139569997787,5.459856987,-1.5970954895,-1.32890796661,0.139569997787,3.63924241066,-2.27243065834,-1.09772837162,27.1896382865
0,1,0,0,0.902009427547,-0.963857829571,3.07088303566,0.000510999991093,0.902009427547,-0.963857829571,3.07088303566,0.000510999991093,1.56547379494,-3.69326114655,-1.85937213898,40.0738404382
0,1,0,0,9.9235868454,3.70091867447,0.00185973499902,0.000510999991093,9.9235868454,3.70091867447,0.00185973499902,0.000510999991093,2.09189963341,4.7045416832,-0.974795818329,37.5400153828
1,0,0,0,11.6040039062,-2.97674608231,-1.85569036007,0.105659998953,11.6040039062,-2.97674608231,-1.85569036007,0.105659998953,8.15933799744,-4.46239089966,-2.27630639076,77.9958880711
1,0,0,0,4.70757913589,-0.277139097452,1.97665584087,0.105659998953,4.70757913589,-0.277139097452,1.97665584087,0.105659998953,24.6130390167,0.0872984230518,2.26898694038,25.9394011419
1,0,0,0,0.336919218302,-3.36171483994,-2.8485622406,0.000510999991093,0.336919218302,-3.36171483994,-2.8485622406,0.000510999991093,7.36431503296,-4.83705711365,2.88930153847,28.3710104396
1,0,0,0,21.1856689453,2.06039261818,0.100760266185,0.000510999991093,21.1856689453,2.06039261818,0.100760266185,0.000510999991093,36.3947486877,2.01053571701,-0.502866387367,76.7381968917
0,1,0,0,12.7289924622,-2.06381201744,0.240718722343,0.105659998953,12.7289924622,-2.06381201744,0.240718722343,0.105659998953,7.10407495499,-2.26933956146,0.286738485098,41.3332197079
1,0,0,0,6.59451580048,-0.245488077402,-0.788771510124,0.105659998953,6.59451580048,-0.245488077402,-0.788771510124,0.105659998953,3.53968787193,-2.96962475777,-2.63014912605,34.3671433271
1,0,0,0,7.74811267853,-5.54908943176,2.67104554176,0.000510999991093,7.74811267853,-5.54908943176,2.67104554176,0.000510999991093,3.91903543472,-6.45894956589,2.55591893196,45.5635806493
0,0,0,1,9.46326065063,2.84039497375,-0.601751923561,0.139569997787,9.46326065063,2.84039497375,-0.601751923561,0.139569997787,4.87041425705,2.52783060074,2.13871979713,34.3590117616
1,0,0,0,4.03952503204,-3.87668395042,-2.8057718277,0.000510999991093,4.03952503204,-3.87668395042,-2.8057718277,0.000510999991093,9.05200195312,-3.56358861923,0.755214631557,28.0035408025
0,0,1,0,3.32073307037,-0.633121967316,-2.08650946617,0.139569997787,3.32073307037,-0.633121967316,-2.08650946617,0.139569997787,7.40065813065,-5.37289857864,0.0472404398024,71.4010929677
0,0,1,0,5.07450485229,-3.29945755005,0.73179847002,0.139569997787,5.07450485229,-3.29945755005,0.73179847002,0.139569997787,4.9033074379,-6.12725448608,-2.22645711899,26.9889252359
1,0,0,0,15.9188289642,1.56467056274,0.266373157501,0.105659998953,15.9188289642,1.56467056274,0.266373157501,0.105659998953,27.6935462952,1.33592689037,-0.0894345268607,96.5076983062
0,1,0,0,2.7373547554,4.56431007385,2.43830657005,0.105659998953,2.7373547554,4.56431007385,2.43830657005,0.105659998953,12.3769798279,4.55477046967,2.66540622711,27.451631942
1,0,0,0,5.35597515106,-1.50816452503,2.12965226173,0.000510999991093,5.35597515106,-1.50816452503,2.12965226173,0.000510999991093,3.12499833107,3.95158839226,2.5370631218,25.8427348303
0,1,0,0,0.742639362812,0.889316380024,-0.349164903164,0.000510999991093,0.742639362812,0.889316380024,-0.349164903164,0.000510999991093,8.05380344391,2.6056625843,-0.144493743777,72.2641934412
1,0,0,0,8.32182884216,-1.71674501896,-2.13528013229,0.105659998953,8.32182884216,-1.71674501896,-2.13528013229,0.105659998953,1.80005967617,-4.82581281662,-2.25124120712,96.5388464117
0,0,0,1,13.661482811,1.20023345947,-0.207552164793,0.139569997787,13.661482811,1.20023345947,-0.207552164793,0.139569997787,3.12494707108,1.85096895695,-0.358041733503,27.1202517108
0,1,0,0,4.23296642303,-2.76537013054,2.08905553818,0.000510999991093,4.23296642303,-2.76537013054,2.08905553818,0.000510999991093,9.76740264893,-4.02588033676,-1.33542740345,32.0570878112
1,0,0,0,0.697489202023,-1.91344690323,-2.90054941177,0.000510999991093,0.697489202023,-1.91344690323,-2.90054941177,0.000510999991093,8.06380748749,-4.65977191925,2.4727897644,32.3670236368
0,0,1,0,0.579075157642,4.4163351059,3.11577916145,0.139569997787,0.579075157642,4.4163351059,3.11577916145,0.139569997787,5.21576786041,4.247215271,-2.66139769554,33.5833279514
1,0,0,0,2.10068297386,1.30919694901,-0.683416187763,0.105659998953,2.10068297386,1.30919694901,-0.683416187763,0.105659998953,10.0721330643,2.67871260643,-1.68390262127,31.821922041
0,0,0,1,1.85530495644,1.23387420177,-1.67864537239,0.139569997787,1.85530495644,1.23387420177,-1.67864537239,0.139569997787,6.76044464111,0.133004739881,-2.0358581543,37.9207514562
0,0,1,0,28.4393806458,1.56439876556,2.03494954109,0.139569997787,28.4393806458,1.56439876556,2.03494954109,0.139569997787,26.7242336273,1.84350955486,1.01136291027,81.0961927795
1,0,0,0,23.622926712,-1.57275748253,0.726802945137,0.105659998953,23.622926712,-1.57275748253,0.726802945137,0.105659998953,5.00436449051,-3.63918471336,-2.65703821182,96.8588773234
1,0,0,0,0.188308134675,0.294627994299,1.05321753025,0.000510999991093,0.188308134675,0.294627994299,1.05321753025,0.000510999991093,9.05773735046,-2.64490795135,0.412965595722,37.0269682364
1,0,0,0,4.64107179642,0.172557547688,3.10944414139,0.000510999991093,4.64107179642,0.172557547688,3.10944414139,0.000510999991093,14.5921583176,-0.569183111191,2.15483045578,33.7247382162
0,0,1,0,12.936293602,3.81688165665,1.36278569698,0.139569997787,12.936293602,3.81688165665,1.36278569698,0.139569997787,7.59049320221,4.32770109177,-2.30822014809,31.1013804926
1,0,0,0,1.44684171677,-1.77596449852,3.00367546082,0.000510999991093,1.44684171677,-1.77596449852,3.00367546082,0.000510999991093,6.35545444489,-2.06730532646,2.13497471809,9.63790464653
1,0,0,0,11.3125343323,0.873370409012,-1.73742437363,0.000510999991093,11.3125343323,0.873370409012,-1.73742437363,0.000510999991093,7.93090295792,2.4546251297,-1.25337457657,37.9444694368
1,0,0,0,0.811763584614,-3.24903106689,-0.99421530962,0.105659998953,0.811763584614,-3.24903106689,-0.99421530962,0.105659998953,7.21609258652,-3.23353815079,1.11954128742,38.2362666124
1,0,0,0,3.7949552536,-3.42514777184,-2.56262421608,0.105659998953,3.7949552536,-3.42514777184,-2.56262421608,0.105659998953,2.41597437859,-5.9691991806,-2.31468009949,35.0990318032
1,0,0,0,29.4950962067,2.41502022743,-1.11411857605,0.105659998953,29.4950962067,2.41502022743,-1.11411857605,0.105659998953,5.53551054001,3.78445672989,-2.18738222122,56.7154312301
0,1,0,0,7.60107135773,-1.89162826538,0.831878960133,0.105659998953,7.60107135773,-1.89162826538,0.831878960133,0.105659998953,5.88908910751,-4.8130903244,-1.0410181284,44.5759470689
1,0,0,0,3.72883057594,-1.81008529663,2.46268296242,0.105659998953,3.72883057594,-1.81008529663,2.46268296242,0.105659998953,8.09147167206,-4.07009840012,0.416529148817,78.0865894589
1,0,0,0,11.423913002,1.41326892376,-1.8186147213,0.105659998953,11.423913002,1.41326892376,-1.8186147213,0.105659998953,7.52554512024,3.05989670753,-1.98670303822,73.4390118536
0,0,1,0,13.2363529205,-4.13578987122,-0.505042135715,0.139569997787,13.2363529205,-4.13578987122,-0.505042135715,0.139569997787,9.41138648987,-5.55524110794,-0.956781685352,36.0586479718
1,0,0,0,5.31705904007,1.43678212166,1.63603150845,0.105659998953,5.31705904007,1.43678212166,1.63603150845,0.105659998953,6.29473590851,2.89723420143,0.117784246802,36.5301439905
0,0,1,0,71.9314880371,2.77696633339,1.09809827805,0.139569997787,71.9314880371,2.77696633339,1.09809827805,0.139569997787,9.70757198334,4.24600028992,2.41769599915,77.572077275
1,0,0,0,4.74806880951,2.51420879364,-0.744538128376,0.000510999991093,4.74806880951,2.51420879364,-0.744538128376,0.000510999991093,10.5467033386,5.19752931595,-0.799590587616,70.2159752255
0,1,0,0,9.42508029938,1.5445792675,0.451356351376,0.105659998953,9.42508029938,1.5445792675,0.451356351376,0.105659998953,16.1060390472,2.85058140755,0.415847688913,83.7136577453
1,0,0,0,1.66667056084,-3.69374370575,-0.964581906796,0.105659998953,1.66667056084,-3.69374370575,-0.964581906796,0.105659998953,19.5639095306,-4.59090089798,-1.03905045986,95.0810327865
0,0,1,0,19.2796630859,-4.77523946762,1.05472302437,0.139569997787,19.2796630859,-4.77523946762,1.05472302437,0.139569997787,7.70343446732,-4.79255723953,-2.39183568954,69.8829651595
1,0,0,0,1.21186804771,0.232562661171,0.0815397277474,0.000510999991093,1.21186804771,0.232562661171,0.0815397277474,0.000510999991093,3.2829720974,0.640719592571,-0.31419596076,9.38605212848
0,1,0,0,14.8782444,-2.9590241909,2.91030430794,0.105659998953,14.8782444,-2.9590241909,2.91030430794,0.105659998953,13.0426692963,-3.11650538445,2.31941986084,83.9010554841
1,0,0,0,31.1765556335,0.388257652521,2.47375774384,0.105659998953,31.1765556335,0.388257652521,2.47375774384,0.105659998953,2.86425852776,1.10739088058,2.46636295319,76.3939668994
1,0,0,0,2.37019681931,-0.489383071661,0.160431072116,0.000510999991093,2.37019681931,-0.489383071661,0.160431072116,0.000510999991093,8.05225372314,-1.09820902348,-2.63795661926,35.5643988666
1,0,0,0,5.95299339294,0.951569497585,1.66554641724,0.105659998953,5.95299339294,0.951569497585,1.66554641724,0.105659998953,11.6954183578,2.65773296356,1.87020611763,80.956330111
0,0,1,0,3.48409438133,-3.69458842278,-2.12682843208,0.139569997787,3.48409438133,-3.69458842278,-2.12682843208,0.139569997787,0.642414152622,-7.70433044434,-0.904498517513,31.8195479455
0,1,0,0,29.9857387543,1.39973270893,0.453418731689,0.105659998953,29.9857387543,1.39973270893,0.453418731689,0.105659998953,60.2036170959,1.42614352703,0.464722454548,57.0069179027
1,0,0,0,6.43904256821,-1.74089396,2.28339958191,0.105659998953,6.43904256821,-1.74089396,2.28339958191,0.105659998953,13.0287303925,-1.47927713394,-0.584514796734,71.4038359314
1,0,0,0,6.41992378235,-2.81296658516,0.728419303894,0.105659998953,6.41992378235,-2.81296658516,0.728419303894,0.105659998953,12.7489767075,-5.41316270828,-2.76709318161,67.538693528
1,0,0,0,21.1335716248,-1.51090455055,-0.513066232204,0.105659998953,21.1335716248,-1.51090455055,-0.513066232204,0.105659998953,16.0405979156,-2.81390070915,-3.13101553917,67.3669921854
0,0,1,0,10.2549209595,-1.80602836609,2.61308407784,0.139569997787,10.2549209595,-1.80602836609,2.61308407784,0.139569997787,10.991563797,-3.56850337982,1.48590874672,65.2080701005
1,0,0,0,2.66457128525,-1.50717973709,-0.0789631009102,0.000510999991093,2.66457128525,-1.50717973709,-0.0789631009102,0.000510999991093,3.32146859169,-3.95090293884,-0.890706241131,49.6062261604
0,0,0,1,8.67445087433,-3.13609170914,-2.90966773033,0.139569997787,8.67445087433,-3.13609170914,-2.90966773033,0.139569997787,17.3763923645,-3.12191772461,-2.79755663872,96.6081336043
0,0,1,0,19.7652721405,0.0766035690904,-2.04383039474,0.139569997787,19.7652721405,0.0766035690904,-2.04383039474,0.139569997787,14.0645914078,0.817676186562,0.811310708523,41.0129739735
0,0,0,1,15.9771547318,1.24569380283,-1.59022307396,0.139569997787,15.9771547318,1.24569380283,-1.59022307396,0.139569997787,14.3331031799,-0.950821757317,0.366278588772,96.2978919601
0,1,0,0,1.83850753307,2.71461200714,1.56781935692,0.105659998953,1.83850753307,2.71461200714,1.56781935692,0.105659998953,7.5542640686,3.75855517387,-1.65275108814,41.7134784375
1,0,0,0,15.2256793976,0.498001456261,1.58295679092,0.000510999991093,15.2256793976,0.498001456261,1.58295679092,0.000510999991093,11.6481571198,2.80250597,-1.40140998363,67.795970081
1,0,0,0,11.3154726028,-0.199465230107,0.340600669384,0.000510999991093,11.3154726028,-0.199465230107,0.340600669384,0.000510999991093,1.99088776112,3.75106239319,-0.588258326054,60.302781542
0,0,1,0,41.5447540283,1.60486233234,0.898705661297,0.139569997787,41.5447540283,1.60486233234,0.898705661297,0.139569997787,2.99189591408,2.17990636826,-2.69783997536,40.1529828339
1,0,0,0,17.7149543762,1.05583441257,1.98528981209,0.105659998953,17.7149543762,1.05583441257,1.98528981209,0.105659998953,14.3149700165,2.75887274742,-1.38326966763,97.3418173061
1,0,0,0,1.45340120792,-2.1606502533,2.03531169891,0.105659998953,1.45340120792,-2.1606502533,2.03531169891,0.105659998953,6.5489821434,-5.33253192902,1.04631853104,81.0987446212
1,0,0,0,10.8375024796,-1.5524418354,2.33679175377,0.000510999991093,10.8375024796,-1.5524418354,2.33679175377,0.000510999991093,5.46755933762,-1.7396081686,-0.691792666912,43.9997827134
0,0,1,0,0.233484596014,-1.75135040283,-1.93469011784,0.139569997787,0.233484596014,-1.75135040283,-1.93469011784,0.139569997787,40.427230835,-1.19833004475,-0.268633514643,66.90890406
0,0,0,1,11.1678466797,-1.20209646225,3.074198246,0.139569997787,11.1678466797,-1.20209646225,3.074198246,0.139569997787,11.8438549042,-1.91722369194,2.69196772575,44.8825389905
1,0,0,0,0.763914525509,2.06404399872,-2.66832113266,0.105659998953,0.763914525509,2.06404399872,-2.66832113266,0.105659998953,3.10891079903,2.21852326393,3.03523540497,9.85517128159
1,0,0,0,20.4529838562,-1.27910673618,-2.56792449951,0.000510999991093,20.4529838562,-1.27910673618,-2.56792449951,0.000510999991093,1.80356144905,-4.3330616951,1.23445463181,84.1201006842
1,0,0,0,1.69149696827,-1.58224999905,0.743929982185,0.105659998953,1.69149696827,-1.58224999905,0.743929982185,0.105659998953,0.877630293369,-4.09511423111,1.67878425121,9.96488751481
0,0,1,0,1.34976267815,1.59492194653,2.0521979332,0.139569997787,1.34976267815,1.59492194653,2.0521979332,0.139569997787,5.35152053833,3.00637626648,1.91118037701,68.36114952
0,0,1,0,0.440181106329,0.889805674553,2.96980881691,0.139569997787,0.440181106329,0.889805674553,2.96980881691,0.139569997787,3.00835251808,3.26217126846,-0.905078053474,8.35626996267
1,0,0,0,19.7059745789,2.89270091057,0.82071441412,0.105659998953,19.7059745789,2.89270091057,0.82071441412,0.105659998953,14.1083860397,4.78374624252,-2.33786916733,82.6052533532
0,1,0,0,4.30310583115,-2.16355037689,-1.38991165161,0.105659998953,4.30310583115,-2.16355037689,-1.38991165161,0.105659998953,9.85553646088,-3.8923664093,-1.4428986311,49.4149091776
1,0,0,0,2.86626553535,0.605042636395,2.96107769012,0.000510999991093,2.86626553535,0.605042636395,2.96107769012,0.000510999991093,4.96744203568,0.957532346249,-1.63850963116,9.06656742276
1,0,0,0,0.388494133949,1.00029504299,-1.75423407555,0.000510999991093,0.388494133949,1.00029504299,-1.75423407555,0.000510999991093,1.10523831844,-4.90795707703,2.8993639946,57.1258326656
0,0,1,0,0.85661393404,-4.38899087906,-0.417719423771,0.139569997787,0.85661393404,-4.38899087906,-0.417719423771,0.139569997787,0.0693705677986,-8.39701080322,-0.092801220715,9.92973379436
1,0,0,0,9.25014305115,-3.20928907394,0.995066046715,0.105659998953,9.25014305115,-3.20928907394,0.995066046715,0.105659998953,11.058549881,-4.28481960297,2.42449760437,49.1501088026
1,0,0,0,3.32262539864,0.325952172279,1.40060830116,0.000510999991093,3.32262539864,0.325952172279,1.40060830116,0.000510999991093,0.483188599348,-5.61569166183,-1.37906312943,43.2337888076
0,0,1,0,5.80733728409,0.110246613622,-1.58889722824,0.139569997787,5.80733728409,0.110246613622,-1.58889722824,0.139569997787,8.22273445129,3.32059431076,-1.42736923695,73.7756538208
0,0,0,1,9.83447360992,-2.68379878998,0.599344134331,0.139569997787,9.83447360992,-2.68379878998,0.599344134331,0.139569997787,25.5690593719,-2.5800101757,0.64483577013,69.8257809228
0,0,1,0,4.02550601959,-0.465971678495,0.726571440697,0.139569997787,4.02550601959,-0.465971678495,0.726571440697,0.139569997787,18.6936473846,-1.28999269009,0.562645375729,68.3373470629
1,0,0,0,1.79484558105,0.828043818474,-1.96020793915,0.105659998953,1.79484558105,0.828043818474,-1.96020793915,0.105659998953,12.3614301682,3.6833024025,-1.86777842045,84.3473574345
1,0,0,0,10.117638588,3.06389284134,0.244824230671,0.000510999991093,10.117638588,3.06389284134,0.244824230671,0.000510999991093,16.3437862396,5.38049411774,2.09971570969,84.5958149195
1,0,0,0,0.658374071121,0.792679548264,-1.9960463047,0.000510999991093,0.658374071121,0.792679548264,-1.9960463047,0.000510999991093,40.0555610657,2.20650196075,-1.17538249493,69.1641571156
0,0,1,0,82.8315505981,-1.46367883682,1.26204490662,0.139569997787,82.8315505981,-1.46367883682,1.26204490662,0.139569997787,117.169929504,-0.975821435452,0.77188450098,80.9240925463
1,0,0,0,1.48994719982,2.53031420708,2.42354750633,0.000510999991093,1.48994719982,2.53031420708,2.42354750633,0.000510999991093,4.97696685791,5.20021390915,-2.98882961273,43.4824958651
1,0,0,0,5.31789493561,-1.30718743801,-1.9253692627,0.000510999991093,5.31789493561,-1.30718743801,-1.9253692627,0.000510999991093,23.1403617859,-1.58052623272,-1.50114297867,48.0255361886
1,0,0,0,5.19734573364,-0.174220070243,-2.99695110321,0.000510999991093,5.19734573364,-0.174220070243,-2.99695110321,0.000510999991093,3.96125626564,-3.60582637787,2.56305265427,81.8720990469
0,0,1,0,4.7499833107,2.42822432518,2.60604047775,0.139569997787,4.7499833107,2.42822432518,2.60604047775,0.139569997787,21.4591522217,3.47540688515,2.41080021858,78.808312742
0,0,1,0,6.22797346115,2.45656919479,-2.17607736588,0.139569997787,6.22797346115,2.45656919479,-2.17607736588,0.139569997787,16.1915225983,2.867582798,-1.56862664223,50.5630333246
0,0,1,0,3.17896580696,-5.01378679276,-2.10924935341,0.139569997787,3.17896580696,-5.01378679276,-2.10924935341,0.139569997787,1.99225127697,-5.76850271225,0.837748289108,9.95595127656
0,0,1,0,43.7557258606,-0.00719399843365,0.833063840866,0.139569997787,43.7557258606,-0.00719399843365,0.833063840866,0.139569997787,10.4322528839,-2.24451756477,-2.15257382393,55.1952067894
1,0,0,0,16.0955963135,-0.289489626884,-2.38262271881,0.000510999991093,16.0955963135,-0.289489626884,-2.38262271881,0.000510999991093,14.2240161896,-2.75712513924,1.01273131371,95.5629626987
0,1,0,0,0.114895448089,3.11611509323,1.36424899101,0.000510999991093,0.114895448089,3.11611509323,1.36424899101,0.000510999991093,68.9347457886,1.76423788071,-2.03878331184,75.2827439197
0,1,0,0,8.59711647034,1.86218345165,-0.198279187083,0.000510999991093,8.59711647034,1.86218345165,-0.198279187083,0.000510999991093,5.05984210968,3.02004027367,1.90276610851,75.0121212874
0,0,1,0,25.5085983276,-0.550279438496,0.738177597523,0.139569997787,25.5085983276,-0.550279438496,0.738177597523,0.139569997787,40.0984039307,-0.324703454971,3.00512862206,98.3875770801
1,0,0,0,1.09762454033,1.39941501617,-1.51475584507,0.000510999991093,1.09762454033,1.39941501617,-1.51475584507,0.000510999991093,2.15231370926,4.77934551239,-1.84205210209,68.2093318866
1,0,0,0,0.91928845644,-2.55852365494,-0.398440748453,0.000510999991093,0.91928845644,-2.55852365494,-0.398440748453,0.000510999991093,15.903055191,-3.58991837502,-1.43037247658,55.3089851572
0,0,1,0,7.15454626083,2.26998090744,-2.84923958778,0.139569997787,7.15454626083,2.26998090744,-2.84923958778,0.139569997787,8.29567432404,4.0728096962,-1.51323127747,48.8737000009
0,0,1,0,5.134786129,-2.06166791916,-2.94893312454,0.139569997787,5.134786129,-2.06166791916,-2.94893312454,0.139569997787,1.86246776581,-6.14833259583,-0.132232427597,59.0102098398
0,0,1,0,15.5826330185,1.96894538403,2.4792444706,0.139569997787,15.5826330185,1.96894538403,2.4792444706,0.139569997787,10.4336156845,3.79857373238,-1.0929005146,45.3483801831
1,0,0,0,5.20474624634,-2.96473193169,-1.41243743896,0.000510999991093,5.20474624634,-2.96473193169,-1.41243743896,0.000510999991093,2.85472750664,-3.83948516846,2.41457700729,97.1720803055
1,0,0,0,7.71483898163,-2.23983430862,1.49890720844,0.000510999991093,7.71483898163,-2.23983430862,1.49890720844,0.000510999991093,23.8425750732,-2.91363835335,1.44146847725,47.7795929439
1,0,0,0,0.58721446991,0.903666377068,-0.660126388073,0.000510999991093,0.58721446991,0.903666377068,-0.660126388073,0.000510999991093,8.88997459412,2.32349467278,0.153707578778,41.0662622163
1,0,0,0,0.646532356739,-4.84079217911,2.75062966347,0.000510999991093,0.646532356739,-4.84079217911,2.75062966347,0.000510999991093,11.4506292343,-5.97014045715,-2.54625678062,99.0871216677
1,0,0,0,14.4745054245,-2.19540023804,1.04977679253,0.105659998953,14.4745054245,-2.19540023804,1.04977679253,0.105659998953,18.9272270203,-2.25432324409,-0.799578666687,83.768175638
1,0,0,0,3.08849453926,-3.00974535942,0.883313536644,0.105659998953,3.08849453926,-3.00974535942,0.883313536644,0.105659998953,39.9630279541,-2.26609969139,1.81192207336,49.2363724489
0,1,0,0,19.5908164978,-2.9963786602,0.549649298191,0.105659998953,19.5908164978,-2.9963786602,0.549649298191,0.105659998953,3.81320548058,-3.84654641151,-2.17837166786,59.0286507262
0,0,0,1,8.67570590973,3.06645560265,-2.84075689316,0.139569997787,8.67570590973,3.06645560265,-2.84075689316,0.139569997787,18.256690979,3.10256886482,-2.78007102013,77.5909822048
0,0,1,0,6.38771247864,-3.38935494423,-1.73533272743,0.139569997787,6.38771247864,-3.38935494423,-1.73533272743,0.139569997787,9.7839679718,-3.8786585331,-1.5096039772,83.0521609663
1,0,0,0,7.94403934479,2.27111792564,-1.71887123585,0.105659998953,7.94403934479,2.27111792564,-1.71887123585,0.105659998953,32.4309196472,3.11504817009,1.26878476143,48.3479008039
0,1,0,0,11.6789340973,-2.21662425995,-1.47931826115,0.105659998953,11.6789340973,-2.21662425995,-1.47931826115,0.105659998953,21.0619010925,-3.33599662781,-1.41318106651,95.3712212459
0,0,0,1,15.4863481522,0.491406857967,-2.81950187683,0.139569997787,15.4863481522,0.491406857967,-2.81950187683,0.139569997787,8.09468460083,2.73202204704,0.82920730114,58.0744460349
1,0,0,0,7.34812927246,-2.95359301567,0.680555701256,0.105659998953,7.34812927246,-2.95359301567,0.680555701256,0.105659998953,20.7171401978,-3.61673402786,0.50073236227,50.6716056315
1,0,0,0,10.6554098129,3.34519290924,-2.44214200974,0.000510999991093,10.6554098129,3.34519290924,-2.44214200974,0.000510999991093,3.26690888405,5.87213850021,2.51611042023,40.8820731297
1,0,0,0,2.60646986961,5.28909015656,0.796247243881,0.105659998953,2.60646986961,5.28909015656,0.796247243881,0.105659998953,11.1459798813,5.73097896576,-0.040472663939,44.5812583379
1,0,0,0,9.63912963867,-1.61007070541,0.90319108963,0.000510999991093,9.63912963867,-1.61007070541,0.90319108963,0.000510999991093,12.1796913147,-3.77085900307,1.91733133793,68.3692343321
1,0,0,0,18.2026901245,-3.16512393951,0.116480514407,0.000510999991093,18.2026901245,-3.16512393951,0.116480514407,0.000510999991093,36.2542915344,-4.37098312378,0.121035635471,61.8375559907
0,0,1,0,16.1410560608,0.735294699669,-2.21610212326,0.139569997787,16.1410560608,0.735294699669,-2.21610212326,0.139569997787,4.24626350403,1.68715155125,0.828628480434,40.0840048826
1,0,0,0,16.4069042206,-3.72191262245,-2.787088871,0.000510999991093,16.4069042206,-3.72191262245,-2.787088871,0.000510999991093,16.8159275055,-3.64790892601,-2.4428832531,44.8490315982
0,1,0,0,0.556522786617,0.989101290703,-2.31790280342,0.000510999991093,0.556522786617,0.989101290703,-2.31790280342,0.000510999991093,49.7064743042,1.97233617306,2.5240945816,63.4613626366
0,0,1,0,3.94679021835,0.889133572578,-2.41966319084,0.139569997787,3.94679021835,0.889133572578,-2.41966319084,0.139569997787,1.36019706726,5.6028637886,2.20495271683,46.4112612135
0,0,1,0,1.92225968838,1.68958222866,0.641356468201,0.139569997787,1.92225968838,1.68958222866,0.641356468201,0.139569997787,22.4491062164,-0.903750419617,2.20219826698,47.7892039712
1,0,0,0,0.234566554427,3.98484683037,-1.59155893326,0.000510999991093,0.234566554427,3.98484683037,-1.59155893326,0.000510999991093,26.1147937775,4.41129398346,1.37869727612,42.4509027356
1,0,0,0,7.16507577896,1.20719087124,1.23195052147,0.000510999991093,7.16507577896,1.20719087124,1.23195052147,0.000510999991093,6.19251871109,4.08418035507,-1.23331141472,42.9305427806
1,0,0,0,17.4997520447,1.09469878674,1.02058637142,0.105659998953,17.4997520447,1.09469878674,1.02058637142,0.105659998953,14.2812643051,0.968052923679,-2.40251708031,76.9898449444
0,1,0,0,6.54875421524,-0.286887288094,-2.64660787582,0.105659998953,6.54875421524,-0.286887288094,-2.64660787582,0.105659998953,8.13216400146,0.900127828121,-2.66804361343,70.3893386068
1,0,0,0,4.6628742218,5.34260606766,-1.20852088928,0.105659998953,4.6628742218,5.34260606766,-1.20852088928,0.105659998953,7.46021127701,5.55239439011,-1.06434881687,56.3063218398
1,0,0,0,1.16945135593,-3.46724176407,2.13601779938,0.000510999991093,1.16945135593,-3.46724176407,2.13601779938,0.000510999991093,51.9461097717,-2.04061388969,-2.13960671425,70.4464346598
1,0,0,0,2.26061415672,3.87474179268,-2.91324734688,0.105659998953,2.26061415672,3.87474179268,-2.91324734688,0.105659998953,2.26114821434,5.54560136795,0.965591669083,9.88258673793
0,0,0,1,0.296039789915,-3.14607930183,2.12319779396,0.139569997787,0.296039789915,-3.14607930183,2.12319779396,0.139569997787,1.68415415287,-4.82778120041,0.28052559495,9.85001926363
1,0,0,0,6.28708744049,-2.69742441177,-0.485966861248,0.105659998953,6.28708744049,-2.69742441177,-0.485966861248,0.105659998953,7.52039289474,-4.49445819855,-0.464031279087,51.3405898661
0,1,0,0,0.0756956487894,3.57939362526,2.48139643669,0.105659998953,0.0756956487894,3.57939362526,2.48139643669,0.105659998953,2.31705904007,3.00045585632,-1.46734297276,9.86051511854
1,0,0,0,20.8573284149,2.14578175545,2.67431735992,0.105659998953,20.8573284149,2.14578175545,2.67431735992,0.105659998953,7.40638208389,2.8038122654,3.01677894592,75.5397305979
1,0,0,0,17.6175899506,-2.97476220131,0.980764865875,0.000510999991093,17.6175899506,-2.97476220131,0.980764865875,0.000510999991093,9.43849182129,-2.78344392776,-2.4485783577,54.9595079512
1,0,0,0,35.9569015503,1.02991092205,-1.55459928513,0.105659998953,35.9569015503,1.02991092205,-1.55459928513,0.105659998953,47.2490501404,1.54813456535,-1.76962554455,45.9587341467
1,0,0,0,1.42631030083,4.93836688995,0.42810857296,0.105659998953,1.42631030083,4.93836688995,0.42810857296,0.105659998953,2.85005378723,5.90437936783,-0.178786978126,59.6478370867
1,0,0,0,0.667941749096,-4.75076961517,0.495036572218,0.105659998953,0.667941749096,-4.75076961517,0.495036572218,0.105659998953,6.32710456848,-5.16330242157,-0.412067115307,9.97120943793
0,0,1,0,3.08810091019,5.59818649292,-2.58324718475,0.139569997787,3.08810091019,5.59818649292,-2.58324718475,0.139569997787,0.976861000061,7.59754323959,-0.482778817415,9.31764215985
1,0,0,0,7.76705026627,-2.50261330605,2.30009150505,0.105659998953,7.76705026627,-2.50261330605,2.30009150505,0.105659998953,5.43658399582,-5.07801961899,-0.769469261169,45.5872094274
0,1,0,0,0.311412185431,1.41666102409,-2.96150326729,0.000510999991093,0.311412185431,1.41666102409,-2.96150326729,0.000510999991093,1.015625,-1.69877755642,-2.63046240807,9.44855302356
0,0,0,1,10.3536710739,0.156829759479,-1.19696855545,0.139569997787,10.3536710739,0.156829759479,-1.19696855545,0.139569997787,9.4318189621,0.632662117481,-1.16912043095,55.7509165159
1,0,0,0,1.19508647919,-7.18969154358,0.483034402132,0.000510999991093,1.19508647919,-7.18969154358,0.483034402132,0.000510999991093,1.86606776714,-7.34270048141,-2.51908302307,9.59856537956
1,0,0,0,1.78988981247,3.91118144989,2.75015068054,0.000510999991093,1.78988981247,3.91118144989,2.75015068054,0.000510999991093,0.488059729338,6.95030832291,-0.242785081267,8.84606153494
1,0,0,0,9.64656734467,-2.90666079521,-2.93796539307,0.000510999991093,9.64656734467,-2.90666079521,-2.93796539307,0.000510999991093,8.4091129303,-4.05616044998,-0.466965407133,76.5801598317
1,0,0,0,0.30145907402,0.0289259273559,2.37720513344,0.000510999991093,0.30145907402,0.0289259273559,2.37720513344,0.000510999991093,3.48748517036,4.26351642609,-0.892085552216,77.0725580843
1,0,0,0,14.1560611725,-1.11425542831,-0.834334373474,0.105659998953,14.1560611725,-1.11425542831,-0.834334373474,0.105659998953,15.530623436,-3.0763657093,2.40887665749,73.7081130166
0,1,0,0,2.09567737579,2.83751773834,-1.85838985443,0.000510999991093,2.09567737579,2.83751773834,-1.85838985443,0.000510999991093,9.93516159058,2.85315728188,-2.21494913101,59.8241938215
0,0,0,1,9.02861499786,-1.18772757053,-0.449640333652,0.139569997787,9.02861499786,-1.18772757053,-0.449640333652,0.139569997787,3.5392639637,-4.40467786789,2.57423067093,51.7018043442
1,0,0,0,0.583983004093,3.0977139473,-1.6452357769,0.105659998953,0.583983004093,3.0977139473,-1.6452357769,0.105659998953,1.88489747047,3.34936642647,2.31913638115,6.57958010434
0,0,1,0,0.709938526154,-0.959102511406,2.7174847126,0.139569997787,0.709938526154,-0.959102511406,2.7174847126,0.139569997787,2.5443842411,-2.34369587898,2.93118309975,9.55317945382
0,1,0,0,12.7927322388,-2.32472395897,-2.9616317749,0.000510999991093,12.7927322388,-2.32472395897,-2.9616317749,0.000510999991093,5.0666012764,-4.9219288826,-0.840400278568,78.0097819547
0,0,1,0,1.95281374454,-2.51709914207,-0.566743910313,0.139569997787,1.95281374454,-2.51709914207,-0.566743910313,0.139569997787,9.9994802475,0.485159099102,3.08150053024,46.5216571621
1,0,0,0,7.67975378036,-4.20130157471,1.69623696804,0.105659998953,7.67975378036,-4.20130157471,1.69623696804,0.105659998953,5.85800361633,-6.11419343948,1.96093726158,52.1581354139
1,0,0,0,5.17784833908,-0.0198166258633,-0.114257797599,0.000510999991093,5.17784833908,-0.0198166258633,-0.114257797599,0.000510999991093,2.44762635231,3.08608031273,-1.71612870693,59.961887175
0,1,0,0,0.325894862413,0.624225497246,1.67039179802,0.000510999991093,0.325894862413,0.624225497246,1.67039179802,0.000510999991093,11.3675708771,1.08923172951,2.07443976402,49.679711377
0,0,1,0,18.5645103455,1.98860263824,0.324020802975,0.139569997787,18.5645103455,1.98860263824,0.324020802975,0.139569997787,3.69658279419,3.53614783287,-1.51721572876,63.6560895017
1,0,0,0,2.08507752419,2.50174117088,-2.80482673645,0.000510999991093,2.08507752419,2.50174117088,-2.80482673645,0.000510999991093,20.3035354614,2.66396999359,-2.65085029602,68.8467821161
1,0,0,0,7.52671813965,-0.183871328831,2.23455667496,0.000510999991093,7.52671813965,-0.183871328831,2.23455667496,0.000510999991093,12.2513408661,1.36419093609,1.76890552044,74.6561910289
1,0,0,0,6.75617790222,4.22203588486,-1.32822525501,0.105659998953,6.75617790222,4.22203588486,-1.32822525501,0.105659998953,16.0413551331,4.98815155029,-1.47129750252,65.3422561863
1,0,0,0,5.29534292221,0.63402402401,0.502846002579,0.105659998953,5.29534292221,0.63402402401,0.502846002579,0.105659998953,48.1148757935,-0.335334450006,-2.32759237289,51.5063815947
1,0,0,0,19.6805858612,0.23479937017,2.89609527588,0.000510999991093,19.6805858612,0.23479937017,2.89609527588,0.000510999991093,5.53244543076,1.95366466045,2.92907071114,71.2709514362
1,0,0,0,14.8887414932,2.69034600258,1.56118083,0.105659998953,14.8887414932,2.69034600258,1.56118083,0.105659998953,2.94871068001,3.30792808533,1.20833039284,52.0522037933
1,0,0,0,9.67646121979,0.554112017155,-1.06337606907,0.000510999991093,9.67646121979,0.554112017155,-1.06337606907,0.000510999991093,41.2921638489,-0.570877552032,-0.162583515048,60.0586902786
0,1,0,0,2.61834549904,-3.09563088417,3.09026479721,0.000510999991093,2.61834549904,-3.09563088417,3.09026479721,0.000510999991093,3.41093826294,-4.68780422211,-2.80479955673,45.031660769
0,1,0,0,5.94295167923,2.66976380348,-2.33863449097,0.105659998953,5.94295167923,2.66976380348,-2.33863449097,0.105659998953,3.27630734444,4.25058984756,2.78178811073,50.4316365083
0,0,1,0,3.40410351753,2.46055054665,-0.250064879656,0.139569997787,3.40410351753,2.46055054665,-0.250064879656,0.139569997787,0.912179350853,8.70997905731,0.143517374992,54.344936816
1,0,0,0,15.3985586166,0.345637500286,1.78136885166,0.000510999991093,15.3985586166,0.345637500286,1.78136885166,0.000510999991093,12.620223999,2.43193840981,-1.43124198914,68.9775324827
0,1,0,0,21.762845993,-1.07714653015,-1.72187459469,0.000510999991093,21.762845993,-1.07714653015,-1.72187459469,0.000510999991093,19.2754974365,-1.14925396442,-1.65819954872,64.2904339767
1,0,0,0,1.93562853336,-2.68792176247,-2.95928144455,0.105659998953,1.93562853336,-2.68792176247,-2.95928144455,0.105659998953,9.89361667633,-5.57522535324,1.41972196102,52.7351587818
0,1,0,0,1.3845000267,4.85263299942,2.82008576393,0.000510999991093,1.3845000267,4.85263299942,2.82008576393,0.000510999991093,2.93604803085,6.34945487976,1.182975173,62.133399257
1,0,0,0,11.5204200745,0.805140912533,-1.46429181099,0.105659998953,11.5204200745,0.805140912533,-1.46429181099,0.105659998953,3.87664031982,-2.04674172401,-1.20873427391,58.2867079432
1,0,0,0,4.43392801285,1.1841801405,2.67080402374,0.105659998953,4.43392801285,1.1841801405,2.67080402374,0.105659998953,4.70415639877,2.1449546814,-0.872086405754,74.143625288
1,0,0,0,2.15168142319,-0.594518482685,-2.78312826157,0.000510999991093,2.15168142319,-0.594518482685,-2.78312826157,0.000510999991093,6.03538751602,-4.05553483963,2.89892840385,60.124717629
0,0,1,0,22.2159194946,2.22053909302,-2.36172866821,0.139569997787,22.2159194946,2.22053909302,-2.36172866821,0.139569997787,21.9567890167,2.5793068409,0.195814371109,58.8371965572
1,0,0,0,11.9557104111,1.86753487587,0.557122349739,0.000510999991093,11.9557104111,1.86753487587,0.557122349739,0.000510999991093,19.3269519806,1.719789505,-2.65789294243,50.6631886188
1,0,0,0,5.21569871902,-0.0143586369231,-1.39950489998,0.000510999991093,5.21569871902,-0.0143586369231,-1.39950489998,0.000510999991093,32.8561439514,2.9283926487,0.385451763868,66.0440189255
1,0,0,0,5.88177537918,-0.124143324792,-1.97073304653,0.105659998953,5.88177537918,-0.124143324792,-1.97073304653,0.105659998953,12.5127248764,0.549367725849,1.48136115074,59.9611713192
1,0,0,0,5.79628229141,-2.52363967896,3.02894258499,0.000510999991093,5.79628229141,-2.52363967896,3.02894258499,0.000510999991093,16.9981937408,-4.60542440414,3.04732608795,73.2980061935
1,0,0,0,5.27103710175,0.724566161633,-1.18875515461,0.000510999991093,5.27103710175,0.724566161633,-1.18875515461,0.000510999991093,29.025428772,0.595636129379,0.986414968967,52.6251533093
1,0,0,0,11.5387582779,-1.42021465302,-2.16819739342,0.105659998953,11.5387582779,-1.42021465302,-2.16819739342,0.105659998953,3.78448605537,-2.86895012856,-1.14258801937,66.5857439399
0,0,1,0,32.1049995422,-3.97761058807,-1.75496339798,0.139569997787,32.1049995422,-3.97761058807,-1.75496339798,0.139569997787,9.20296096802,-5.12894535065,-0.978915333748,52.856739672
0,1,0,0,0.819766402245,0.794672012329,-2.6636724472,0.000510999991093,0.819766402245,0.794672012329,-2.6636724472,0.000510999991093,1.33083248138,0.748821496964,0.268970251083,4.63517100649
1,0,0,0,1.84161806107,0.936488986015,-3.14104366302,0.000510999991093,1.84161806107,0.936488986015,-3.14104366302,0.000510999991093,72.4813156128,0.215700089931,2.21881556511,54.974969669
0,1,0,0,4.94635295868,-0.221541792154,-0.674923360348,0.000510999991093,4.94635295868,-0.221541792154,-0.674923360348,0.000510999991093,6.58735895157,1.62675714493,-0.36012300849,73.1190492548
1,0,0,0,16.5525131226,1.47081398964,0.132453352213,0.105659998953,16.5525131226,1.47081398964,0.132453352213,0.105659998953,18.1456165314,2.27253937721,-2.95604944229,65.9196612003
1,0,0,0,10.1807336807,-4.30044698715,0.428697258234,0.105659998953,10.1807336807,-4.30044698715,0.428697258234,0.105659998953,17.555934906,-4.93136787415,0.394794851542,68.6328529742
1,0,0,0,3.78010344505,-2.69466114044,1.67568385601,0.105659998953,3.78010344505,-2.69466114044,1.67568385601,0.105659998953,21.1347885132,-3.58274817467,1.7447732687,73.7663437483
1,0,0,0,18.3721828461,0.558567106724,0.452913999557,0.105659998953,18.3721828461,0.558567106724,0.452913999557,0.105659998953,10.0015993118,0.933605968952,0.505241036415,51.2343450872
1,0,0,0,1.74081432819,-0.617047131062,2.0590133667,0.105659998953,1.74081432819,-0.617047131062,2.0590133667,0.105659998953,1.07380914688,3.79972314835,-1.04193925858,52.5349339811
0,1,0,0,12.7790298462,-2.8609957695,1.29350185394,0.105659998953,12.7790298462,-2.8609957695,1.29350185394,0.105659998953,6.61116170883,-3.49111938477,-1.86076772213,63.6851732835
0,0,1,0,29.0566101074,1.05754601955,-1.43635833263,0.139569997787,29.0566101074,1.05754601955,-1.43635833263,0.139569997787,7.23196268082,1.00573694706,2.5721449852,70.2834552742
1,0,0,0,4.2244477272,-4.20725870132,-2.96984148026,0.000510999991093,4.2244477272,-4.20725870132,-2.96984148026,0.000510999991093,16.3845596313,-4.16716814041,-2.43848586082,56.4810563927
0,1,0,0,6.12250137329,-3.45193839073,-1.69375479221,0.000510999991093,6.12250137329,-3.45193839073,-1.69375479221,0.000510999991093,15.2412672043,-4.08093643188,-1.67869341373,62.7657562735
0,1,0,0,3.812718153,-0.976545989513,2.10234236717,0.000510999991093,3.812718153,-0.976545989513,2.10234236717,0.000510999991093,8.67573165894,-3.05654144287,1.98711764812,63.481285473
1,0,0,0,1.68402945995,-2.6391749382,-1.65450751781,0.105659998953,1.68402945995,-2.6391749382,-1.65450751781,0.105659998953,13.3451452255,-5.23265457153,0.134552598,61.7088624134
1,0,0,0,0.383520901203,1.8478192091,2.89267539978,0.000510999991093,0.383520901203,1.8478192091,2.89267539978,0.000510999991093,10.0257616043,3.93329620361,3.14113330841,63.5998118829
1,0,0,0,9.96423625946,-1.0968285799,1.74689078331,0.000510999991093,9.96423625946,-1.0968285799,1.74689078331,0.000510999991093,13.8353509903,-3.8613653183,-2.18239927292,64.9717693535
1,0,0,0,9.17032527924,-3.97794485092,-2.55507826805,0.105659998953,9.17032527924,-3.97794485092,-2.55507826805,0.105659998953,9.09157180786,-4.81745815277,-2.9863345623,60.2891630639
0,0,0,1,5.80656909943,-1.6192163229,-1.61154043674,0.139569997787,5.80656909943,-1.6192163229,-1.61154043674,0.139569997787,4.61711883545,-4.53865528107,-2.27332901955,60.3648752635
1,0,0,0,5.54136991501,0.637903153896,1.19107580185,0.000510999991093,5.54136991501,0.637903153896,1.19107580185,0.000510999991093,7.77390146255,-2.48787236214,2.82188057899,60.5092431735
1,0,0,0,14.0434713364,-0.063965678215,-0.1758005023,0.000510999991093,14.0434713364,-0.063965678215,-0.1758005023,0.000510999991093,2.6316742897,2.61950469017,0.889806807041,60.8965290457
1,0,0,0,8.28128051758,-3.19900679588,1.25891935825,0.105659998953,8.28128051758,-3.19900679588,1.25891935825,0.105659998953,3.55400753021,-2.8631169796,-2.52712273598,60.378196252
1,0,0,0,20.7954959869,1.70568704605,-2.91857767105,0.105659998953,20.7954959869,1.70568704605,-2.91857767105,0.105659998953,10.0386533737,3.19158554077,0.183507472277,62.5093954378
0,1,0,0,3.86246418953,-3.69892191887,-0.362029761076,0.000510999991093,3.86246418953,-3.69892191887,-0.362029761076,0.000510999991093,9.06532382965,-3.93171000481,-0.540997266769,4.76124176138
